alert_id,miss_distance_m,relative_speed_km_s,time_to_tca_sec,cov_trace_m2,collision_prob
900000,20669.2,1.939,290688.1,1428776.69,6.87998e-199
900001,13693.6,2.933,412038.6,21310671.88,5.21745e-11
900002,801.2,0.997,149567.0,39874636.52,1.46882e-05
900003,724.6,1.195,280466.9,329876.50,0.00016704
900004,414.7,1.313,271192.4,5153934.33,0.000110733
900005,5202.2,2.642,298876.4,319343.44,1.16941e-58
900006,1247.6,1.826,284118.7,61648517.43,9.37087e-06
900007,27255.4,3.034,217192.5,2323482.13,1.36411e-212
900008,1252.5,2.081,300028.1,269095.61,3.55146e-07
900009,11649.2,2.214,394053.0,24986395.40,6.95639e-09
900010,1420.5,2.031,86354.4,1318370.36,4.58211e-05
900011,550.1,2.981,400675.1,8248597.19,6.88452e-05
900012,39129.1,1.782,340499.1,335258.55,0
900013,3234.5,0.805,224671.8,7438148.23,9.78184e-06
900014,209.1,2.900,94768.8,66513439.83,9.01185e-06
900015,2354.2,1.846,34417.2,,1.12954e-14
900016,1020.6,0.622,405516.2,7956374.52,6.19655e-05
900017,178.9,3.636,94507.2,1115664.70,0.000515144
900018,9920.8,2.723,251425.0,745743.79,8.49663e-90
900019,7850.8,3.644,212256.5,415781.11,3.90097e-100
900020,617.9,3.813,115280.6,1174418.31,0.000313719
900021,47415.8,0.558,333187.0,967918.04,0
900022,12602.2,2.357,162496.1,19147555.67,1.23815e-10
900023,1224.8,3.321,401550.3,221859.63,1.0656e-07
900024,176.8,3.170,75524.6,57067471.29,1.05052e-05
900025,20428.0,3.013,28654.0,289658.74,0
900026,2279.7,2.198,207376.6,3251841.29,1.67825e-05
900027,35552.1,1.794,259027.5,159152.22,0
900028,243.6,3.388,172853.2,20873955.16,2.86217e-05
900029,2365.6,0.195,400129.4,33773880.55,1.38559e-05
900030,622.2,0.422,399804.9,211442.76,0.000182095
900031,338.0,3.727,290951.9,,9.60815e-06
900032,769.6,0.146,396014.0,310433.70,0.000110475
900033,23101.8,1.465,103546.4,173571.95,0
900034,3768.5,1.575,292799.3,3113998.53,2.06009e-07
900035,3484.7,0.929,22084.6,296365.83,4.11009e-30
900036,800.0,1.248,170043.6,678427.36,0.000214848
900037,27113.6,3.732,382566.2,47188651.35,9.02701e-16
900038,2068.7,3.072,97115.0,60087179.47,8.97368e-06
900039,10597.3,3.908,122021.2,362724.73,3.34947e-205
900040,557.2,3.711,114550.4,1030857.84,0.000370445
900041,631.6,2.672,70093.4,121059.97,3.53789e-05
900042,1956.6,3.885,88517.2,15577679.32,2.66414e-05
900043,4455.1,1.940,290121.1,17232436.46,6.18695e-06
900044,234.7,2.031,304923.8,19106687.65,3.12671e-05
900045,593.4,1.768,295842.5,815193.04,0.000384993
900046,462.8,1.510,61264.0,43812571.52,1.35946e-05
900047,211.9,0.783,95965.1,,8.75819e-05
